benchmark_id,timestamp,run_index,dataset_version,dataset_size,provider,requested_provider,model,source_language,target_language,number_of_cues,characters_input,characters_output,words_input,words_output,duration_ms,success,error_type,retry_count,fallback_used,providers_used,fallback_error_type,input_tokens,output_tokens,total_tokens,estimated_cost,cues_per_second,characters_per_second,words_per_second,latency_per_cue_ms,latency_per_1k_chars_ms
7a0ca70e152d4d3886521bd6e6b0790e,2026-09-28T13:43:25.777708+00:00,0,1,8,fast-stub,fast-stub,fast-1,en,es,8,325,365,61,69,9,True,,0,False,"[""fast-stub""]",,,,,,888.8888888888889,36111.11111111112,6777.777777777778,1.125,27.692307692307693
7a0ca70e152d4d3886521bd6e6b0790e,2026-09-28T13:43:25.843511+00:00,0,1,8,slow-stub,slow-stub,slow-1,en,es,8,325,365,61,69,65,True,,0,False,"[""slow-stub""]",,,,,,123.07692307692307,5000.0,938.4615384615385,8.125,200.0
7a0ca70e152d4d3886521bd6e6b0790e,2026-09-28T13:43:25.877253+00:00,0,1,8,plain-stub,plain-stub,,en,es,8,325,365,61,69,33,True,,0,False,"[""plain-stub""]",,,,,,242.4242424242424,9848.484848484848,1848.4848484848485,4.125,101.53846153846153
7a0ca70e152d4d3886521bd6e6b0790e,2026-09-28T13:43:25.897728+00:00,0,1,8,fast-stub,flaky-stub,fast-1,en,es,8,325,365,61,69,20,True,,0,True,"[""fast-stub""]",rate_limit,,,,,400.0,16250.0,3050.0,2.5,61.53846153846154
7a0ca70e152d4d3886521bd6e6b0790e,2026-09-28T13:43:25.906956+00:00,1,1,8,fast-stub,fast-stub,fast-1,en,es,8,325,365,61,69,9,True,,0,False,"[""fast-stub""]",,,,,,888.8888888888889,36111.11111111112,6777.777777777778,1.125,27.692307692307693
7a0ca70e152d4d3886521bd6e6b0790e,2026-09-28T13:43:25.972645+00:00,1,1,8,slow-stub,slow-stub,slow-1,en,es,8,325,365,61,69,65,True,,0,False,"[""slow-stub""]",,,,,,123.07692307692307,5000.0,938.4615384615385,8.125,200.0
7a0ca70e152d4d3886521bd6e6b0790e,2026-09-28T13:43:26.006152+00:00,1,1,8,plain-stub,plain-stub,,en,es,8,325,365,61,69,33,True,,0,False,"[""plain-stub""]",,,,,,242.4242424242424,9848.484848484848,1848.4848484848485,4.125,101.53846153846153
7a0ca70e152d4d3886521bd6e6b0790e,2026-09-28T13:43:26.025136+00:00,1,1,8,fast-stub,flaky-stub,fast-1,en,es,8,325,365,61,69,18,True,,0,True,"[""fast-stub""]",rate_limit,,,,,444.44444444444446,18055.55555555556,3388.888888888889,2.25,55.38461538461539
7a0ca70e152d4d3886521bd6e6b0790e,2026-09-28T13:43:26.034621+00:00,2,1,8,fast-stub,fast-stub,fast-1,en,es,8,325,365,61,69,9,True,,0,False,"[""fast-stub""]",,,,,,888.8888888888889,36111.11111111112,6777.777777777778,1.125,27.692307692307693
7a0ca70e152d4d3886521bd6e6b0790e,2026-09-28T13:43:26.100254+00:00,2,1,8,slow-stub,slow-stub,slow-1,en,es,8,325,365,61,69,65,True,,0,False,"[""slow-stub""]",,,,,,123.07692307692307,5000.0,938.4615384615385,8.125,200.0
7a0ca70e152d4d3886521bd6e6b0790e,2026-09-28T13:43:26.133590+00:00,2,1,8,plain-stub,plain-stub,,en,es,8,325,365,61,69,33,True,,0,False,"[""plain-stub""]",,,,,,242.4242424242424,9848.484848484848,1848.4848484848485,4.125,101.53846153846153
7a0ca70e152d4d3886521bd6e6b0790e,2026-09-28T13:43:26.153366+00:00,2,1,8,fast-stub,flaky-stub,fast-1,en,es,8,325,365,61,69,19,True,,0,True,"[""fast-stub""]",rate_limit,,,,,421.0526315789474,17105.263157894737,3210.5263157894738,2.375,58.46153846153846
7a0ca70e152d4d3886521bd6e6b0790e,2026-09-28T13:43:26.162784+00:00,3,1,8,fast-stub,fast-stub,fast-1,en,es,8,325,365,61,69,9,True,,0,False,"[""fast-stub""]",,,,,,888.8888888888889,36111.11111111112,6777.777777777778,1.125,27.692307692307693
7a0ca70e152d4d3886521bd6e6b0790e,2026-09-28T13:43:26.228558+00:00,3,1,8,slow-stub,slow-stub,slow-1,en,es,8,325,365,61,69,65,True,,0,False,"[""slow-stub""]",,,,,,123.07692307692307,5000.0,938.4615384615385,8.125,200.0
7a0ca70e152d4d3886521bd6e6b0790e,2026-09-28T13:43:26.263108+00:00,3,1,8,plain-stub,plain-stub,,en,es,8,325,365,61,69,34,True,,0,False,"[""plain-stub""]",,,,,,235.2941176470588,9558.823529411764,1794.1176470588234,4.25,104.61538461538461
7a0ca70e152d4d3886521bd6e6b0790e,2026-09-28T13:43:26.282322+00:00,3,1,8,fast-stub,flaky-stub,fast-1,en,es,8,325,365,61,69,19,True,,0,True,"[""fast-stub""]",rate_limit,,,,,421.0526315789474,17105.263157894737,3210.5263157894738,2.375,58.46153846153846
7a0ca70e152d4d3886521bd6e6b0790e,2026-09-28T13:43:26.291749+00:00,4,1,8,fast-stub,fast-stub,fast-1,en,es,8,325,365,61,69,9,True,,0,False,"[""fast-stub""]",,,,,,888.8888888888889,36111.11111111112,6777.777777777778,1.125,27.692307692307693
7a0ca70e152d4d3886521bd6e6b0790e,2026-09-28T13:43:26.357661+00:00,4,1,8,slow-stub,slow-stub,slow-1,en,es,8,325,365,61,69,65,True,,0,False,"[""slow-stub""]",,,,,,123.07692307692307,5000.0,938.4615384615385,8.125,200.0
7a0ca70e152d4d3886521bd6e6b0790e,2026-09-28T13:43:26.391513+00:00,4,1,8,plain-stub,plain-stub,,en,es,8,325,365,61,69,33,True,,0,False,"[""plain-stub""]",,,,,,242.4242424242424,9848.484848484848,1848.4848484848485,4.125,101.53846153846153
7a0ca70e152d4d3886521bd6e6b0790e,2026-09-28T13:43:26.411051+00:00,4,1,8,fast-stub,flaky-stub,fast-1,en,es,8,325,365,61,69,19,True,,0,True,"[""fast-stub""]",rate_limit,,,,,421.0526315789474,17105.263157894737,3210.5263157894738,2.375,58.46153846153846
